{"epochs": 300, "loss": [6.462668614409648, 6.442021869880295, 6.438867352622306, 6.4320549780351985, 6.430422825585723, 6.426460726384117, 6.4245229905919015, 6.424954932047318, 6.428357302250174, 6.425794404489571, 6.420633500234801, 6.4203746312561005, 6.421292624654826, 6.421515601869943, 6.423452999596066, 6.4267998351276345, 6.422064399120522, 6.420424212617314, 6.41469001367358, 6.417002237655172, 6.419911470681154, 6.422395739815848, 6.410549725527465, 6.170487322207411, 5.705738573232497, 5.497782085866772, 5.381540027739846, 5.323099082794921, 5.281613229252766, 5.304548537556454, 5.227117616651316, 5.170265796143425, 5.220832358204567, 5.18379589302401, 5.147614172543658, 5.108759511911537, 5.0726303568636135, 5.045933969060428, 5.035366165950629, 5.055896509147954, 5.0478481728038425, 5.048195841740582, 5.2871689306470255, 5.138031855326101, 5.072753339601058, 5.043721925069403, 5.023761588917516, 5.009680089182027, 5.012589941823906, 5.0161029150771554, 5.001520672890701, 4.99518661304898, 5.011657817558504, 5.003893554343213, 4.969974032480529, 4.94608657135522, 4.94734011174223, 4.92382932746862, 4.973304786225995, 4.91394929671511, 4.900915332034184, 4.894875066596824, 4.892413505757084, 4.869719230223019, 4.840008436412263, 4.821232727133218, 4.906021774106891, 5.034821753556186, 5.116739889536093, 5.087760356665024, 4.976027770121111, 5.075199010999076, 5.097176327061396, 4.951640881173055, 4.961172620522556, 4.892986569721606, 4.850823352456649, 4.841195456239293, 4.80312098212478, 4.804788855814109, 4.81805851707584, 4.785312574073344, 4.737742821927315, 4.7244325222249035, 4.709246737123503, 4.695148252455171, 4.7058451059552295, 4.694587700236462, 4.670484361986229, 4.655835915922561, 4.628824052930761, 4.611652960045053, 4.601079082305241, 4.600466042524953, 4.630948326198267, 4.611849869223025, 4.572188388966277, 4.549552081083632, 4.527707569296461, 4.511246240220039, 4.485515265036959, 4.4796083559126325, 4.4607911905374245, 4.450298037677968, 4.437667490050638, 4.412645241217463, 4.394801922384882, 4.381170807208279, 4.37335282267634, 4.370854301979611, 4.361229278838874, 4.341681519623347, 4.323164055355883, 4.307725514208144, 4.294686725588212, 4.283860908203628, 4.276249208906239, 4.29183379292856, 4.286300459150172, 4.260814752797052, 4.242976015356131, 4.227958253942828, 4.214873241236946, 4.205750351233321, 4.19340339260055, 4.1868592496819605, 4.182306088238963, 4.186387618440688, 4.187360565953395, 4.172788699152186, 4.158555755553693, 4.1446404262630825, 4.132866929836215, 4.120925142074847, 4.111740254140746, 4.103475721404878, 4.098104073735334, 4.092298696991779, 4.095890289445641, 4.096998474366899, 4.090166166864221, 4.072785880305381, 4.0594605550196885, 4.047182972209834, 4.037156838244113, 4.028151886484774, 4.0214812595276275, 4.027155635698066, 4.021052705111428, 4.017495468952786, 4.013148441381229, 4.004037311986302, 3.996213164323345, 3.9873262638196167, 3.9766392504331893, 3.975745918450731, 3.9820896717537853, 3.9602720904220186, 3.949527391027159, 3.9393613987283937, 3.96422470079013, 3.9329791658443733, 3.914752551040259, 3.901053345191666, 3.890998816261236, 3.879866567866462, 3.8734827154750913, 3.86263219956385, 3.8543672313544244, 3.8460591016887427, 3.838248790683726, 3.831313691844944, 3.827891561850157, 3.874987998599916, 3.8441083635591125, 3.823519948928467, 3.8090592404118984, 3.8012988556653333, 3.790186041650346, 3.781220342506408, 3.7790097672630227, 3.7729974295725013, 3.7724186573802463, 3.770869530079297, 3.770166838275478, 3.758124560928968, 3.7459119086973756, 3.735535418130236, 3.7274506471330406, 3.713045551531528, 3.7011114479731853, 3.6875690544220996, 3.679580159623693, 3.6751611248100966, 3.6713067536028685, 3.661720606360876, 3.6539383792160742, 3.6498432728019514, 3.6520288525119264, 3.6344497666541256, 3.6177015318123664, 3.604754217621695, 3.595476062637481, 3.586265341282507, 3.5781959619817774, 3.571723241474931, 3.558695873126052, 3.548435577028902, 3.540355648759515, 3.529960043566092, 3.5247032390305084, 3.514042122416599, 3.5025240811216976, 3.4966427418111303, 3.4908653657026907, 3.4821839567835338, 3.4690192992776367, 3.454721381166473, 3.4460849180104156, 3.432724127549558, 3.420491078540576, 3.40832098082834, 3.3988764362309007, 3.393549888911542, 3.3867335342275124, 3.3706540368293645, 3.360745037767739, 3.3718118815911713, 3.360039771430145, 3.3491685968010922, 3.337132184784991, 3.3293992039956923, 3.301444020020652, 3.2884156709956334, 3.2700344390778677, 3.2578280271195625, 3.249500846618825, 3.2433944169035227, 3.2244724210387528, 3.2079837013969783, 3.1927200061338614, 3.1875413000691872, 3.180088674073234, 3.1767877628519265, 3.1675940843000197, 3.154333727660195, 3.1642521198818074, 3.1435092953629393, 3.1207674216397803, 3.100565201646803, 3.080791303895155, 3.060502698552746, 3.0449975551960256, 3.035843950611964, 3.0231013507985027, 3.0076889468533654, 2.993735754392111, 2.991647062476595, 2.971903046374751, 2.970040538189572, 2.958784327626186, 2.9470335097472407, 2.944326366605114, 2.933438932408872, 2.9344146445304875, 2.9619816140890727, 2.9483116563572604, 2.910017782157494, 2.887380225480215, 2.88741253350587, 2.855893373305053, 2.8338046911661037, 2.8096630534308384, 2.7881076224143624, 2.7701188297521235, 2.7722126569137084, 2.7501356441512623, 2.7801919641107213, 2.7673328059812556, 2.791350383487881, 2.751808729943576, 2.7298162372415353, 2.7110437141614705, 2.8057408355980002, 2.728186895059255, 2.700262558853286, 2.6892212040531285, 2.6620928349806676, 2.664791535230112, 2.6447354492434494, 2.6311714230537415, 2.6197928338373817, 2.5914557611462095, 2.589873782436317, 2.6067417798125754, 2.585576030429296, 2.548909096307513, 2.5227319408629856, 2.499038289793734, 2.4925893642927193]}