{"epochs": 100, "loss": [10.469450260939237, 9.728349842301338, 9.018568983229152, 8.322930495450812, 7.888673257900284, 7.385037707231804, 6.942972012712966, 6.3712828981829395, 5.924312372540447, 5.6584302150809265, 5.137652109728505, 4.825774243068052, 4.62263555432638, 4.43460620443878, 4.252218619898329, 4.039744924484564, 3.9254366611542566, 3.7787493967426578, 3.707730027252147, 3.5458202162259065, 3.447115404432836, 3.3522041410578707, 3.2186655575159557, 3.138918480571379, 3.099043363471776, 2.9969071393577176, 2.8902123940471753, 2.8289444032473607, 2.724708829416404, 2.7971379323566135, 2.65276556001304, 2.6231525796809705, 2.534233983960426, 2.516294725276671, 2.453569096439183, 2.3605665519461505, 2.249843897743093, 2.2836834743215864, 2.1992793321253856, 2.184151786921105, 2.126421543125667, 2.083873309315741, 2.027868892742796, 2.002910983108453, 1.9164270251358437, 1.8994575926874417, 1.9286073639713344, 1.8303234701757993, 1.8051147533943808, 1.6819920438680493, 1.6684273084143597, 1.7057060824857395, 1.603416789161561, 1.5659567643204704, 1.435956857886426, 1.380096519080824, 1.394971017470763, 1.3505714346265747, 1.248782276824686, 1.2438336036049475, 1.242106548588723, 1.1886799485519481, 1.1463252987628114, 1.137229624001922, 1.1102809118132981, 1.0269520330413993, 1.0227677950513272, 0.9659630975533972, 0.9381537863833763, 0.8980705875438444, 0.9445163396030105, 0.8164389049038633, 0.7861268708156872, 0.7574300634229301, 0.7653948559794049, 0.7539571613078848, 0.6983694523502508, 0.6979909431747898, 0.6809333460028549, 0.657537018174499, 0.6034804169602408, 0.6294158160307818, 0.6324374958463845, 0.5767083230396666, 0.5789443176950752, 0.5650989376695682, 0.5136842945669339, 0.5146313352040288, 0.5155839187809239, 0.5965681095016029, 0.5195637216421816, 0.5109064801251681, 0.45706846111894706, 0.45631296794880544, 0.4641263625058774, 0.4301514269057221, 0.4294664882461259, 0.41371008938087356, 0.43063968265552194, 0.4263647715823252]}