{"epochs": 1000, "loss": [0.7976069614595297, 0.6387141048908234, 0.636893977924269, 0.6354650763832793, 0.6344364966664996, 0.6335716585115511, 0.6329531852079897, 0.6325321942567825, 0.6320213021672502, 0.6315112147404223, 0.6310250500635225, 0.6305917966730741, 0.6302917773018077, 0.6299293722425189, 0.6295218443383976, 0.6295111723700348, 0.6294516099959003, 0.6291295591057563, 0.6285267216818673, 0.6288436614737218, 0.6287599029589672, 0.6280912209530266, 0.6289377854186662, 0.6283112271707885, 0.6282317224813967, 0.6273696507726397, 0.6274583178515337, 0.6275279333396834, 0.6279326005249607, 0.6289722852560938, 0.6280331182844785, 0.6278979343419172, 0.6271352162774728, 0.6269073836049255, 0.6261293565740391, 0.6256316754282737, 0.6260812148755911, 0.6273418880847036, 0.6267199263888963, 0.6259254241476253, 0.6260718885733156, 0.6268002640227882, 0.6266264860727349, 0.6265517658725077, 0.6261386743613652, 0.6257752645380643, 0.62583191571187, 0.6268059279845686, 0.6259362724970798, 0.6270503383509967, 0.6281649062828142, 0.6293684679026507, 0.6276815433283242, 0.6264300893764106, 0.6269282674302861, 0.6285044931027354, 0.6274175248583969, 0.6272570095500167, 0.6286336919482873, 0.6279024281063859, 0.6295926914531358, 0.628193987267358, 0.6302434470580549, 0.6293008862709513, 0.6284680822674109, 0.6281301990455511, 0.627942079488112, 0.6282083644550673, 0.6275395979078449, 0.6270675932874485, 0.6274884571226276, 0.6270601934924418, 0.6276102579978048, 0.6280964357512338, 0.627511518950365, 0.6269963088692451, 0.6271122560209158, 0.6275597591789401, 0.6272644275913433, 0.6269600379223726, 0.6270978037191897, 0.6271757477400254, 0.6267968452706629, 0.6269459067558756, 0.626674195333403, 0.6269317384885282, 0.6268989936429628, 0.6268976923762536, 0.6267291386516727, 0.627006009221077, 0.6270124036438611, 0.6269568241372401, 0.627086799667806, 0.6265465185350302, 0.6265087641623556, 0.6263549364342982, 0.6261430005637967, 0.6275953811650373, 0.6295705875571893, 0.6278387344613368, 0.6267448612013642, 0.6259380931756935, 0.626136242126932, 0.6262168525433054, 0.6261983656761597, 0.6279467499377777, 0.6278994627753083, 0.6261182403077885, 0.6256164604303788, 0.6253343376578117, 0.6257318884742503, 0.6250334278661378, 0.6256358626545692, 0.624859904452246, 0.624871492994075, 0.6244145960223918, 0.6243667453527451, 0.6245897476162229, 0.6242716966234908, 0.6246767959424427, 0.6242396198973363, 0.6250176828126518, 0.6255370585285888, 0.6258588515374125, 0.6254659252507346, 0.6251556818582573, 0.6245628388560548, 0.6248125646795545, 0.6248446861091925, 0.6244273863884867, 0.6243420559532789, 0.6242179377954833, 0.6239167403201668, 0.6240449198046509, 0.623777974625023, 0.6239530365077817, 0.6276455707087809, 0.6261778124132935, 0.626212722488812, 0.6254900052231185, 0.6261365130847815, 0.6258698169674192, 0.6271114258133635, 0.6279267729545126, 0.6267081909641927, 0.6261487843430772, 0.625922119434999, 0.6264515333637899, 0.6253616140813244, 0.6249154578058087, 0.6251900028817508, 0.6248847574603801, 0.625107894138414, 0.6249028857873411, 0.6251261514060351, 0.6245872953108379, 0.6238010090832807, 0.6236121469006246, 0.6252457523832515, 0.6260706602918858, 0.625817251752834, 0.6257157657219439, 0.6251402311787313, 0.6279585446630206, 0.6288502070368552, 0.6285983546047794, 0.6284373895246156, 0.6296605279251021, 0.6284284813671696, 0.6275031247309276, 0.6272095003906561, 0.627398815082044, 0.6271521689332261, 0.6270612195438269, 0.6269095588703545, 0.6265894548625363, 0.6264384729521615, 0.6260142125645463, 0.6257342008911834, 0.6255402598454027, 0.6259789463816857, 0.625999853927262, 0.6259167264310681, 0.6263870040372926, 0.6270557623736712, 0.6263474852454906, 0.6252392509153911, 0.6251077855728111, 0.6247111516339439, 0.626968440352654, 0.6284743796805946, 0.6275399175225472, 0.6273959893353132, 0.6267052612134388, 0.6266558653846079, 0.6270771209074526, 0.6268469666948124, 0.6270295886360869, 0.6267562240970378, 0.626891125525747, 0.6265314911701241, 0.6269349601803994, 0.6268786696755156, 0.6267082840204239, 0.626430833218049, 0.6266487520568225, 0.6263827550776151, 0.6265874012392394, 0.6264682740581279, 0.6263520519952385, 0.6258991582661259, 0.6263640854431658, 0.6262673963697589, 0.6261628175876579, 0.6263931895397148, 0.6259410779695121, 0.6260663438208249, 0.6261751843350274, 0.6262228580153718, 0.6264753959008625, 0.6264853957964449, 0.6265151677082996, 0.6271799504756927, 0.6269506507990311, 0.6263507409971587, 0.6262869174991336, 0.6266527337079145, 0.6263940507660106, 0.6263491353210138, 0.626585951569129, 0.6262895489225582, 0.626344442671659, 0.6259080089476644, 0.6251215472513315, 0.6253280329461001, 0.6243809835643185, 0.6240715232430672, 0.6246490198738721, 0.624756782334678, 0.6243450571687854, 0.6270629386512601, 0.6259430440104737, 0.6258997053516154, 0.6255775489369217, 0.6254785215976287, 0.6248490700916368, 0.6250078288876281, 0.6244753106516234, 0.6243229669575788, 0.6238704822501357, 0.6238263367998357, 0.6237634070673768, 0.6238031235276437, 0.62384325357116, 0.6240767949089712, 0.6239441891714018, 0.6236722727819365, 0.6243177737508502, 0.6237650969806983, 0.6236985319731186, 0.6240719550726365, 0.6246885842814738, 0.62431586883506, 0.6240416485436109, 0.6241678324889164, 0.6243805191954788, 0.6243212855592066, 0.6242673099040985, 0.6268172966582435, 0.6257835669176919, 0.6244600941332019, 0.6243077203327295, 0.6249107548168727, 0.6245589849292016, 0.6238139682278341, 0.6251717164200179, 0.6251915161098752, 0.6250789673352728, 0.6243262208846151, 0.6241386356402416, 0.6245542597405764, 0.6242308914661407, 0.6248000665586821, 0.6243028284943833, 0.6241899029332765, 0.6241680943236059, 0.623723527910758, 0.6237777632718183, 0.6236970996370121, 0.6242054597455629, 0.6237674872485959, 0.623583505956494, 0.6234436792378523, 0.6233898045457139, 0.6233276198713147, 0.623227175705287, 0.6236597944279106, 0.6233835135187421, 0.6229871931124706, 0.6230318397283554, 0.6230598578647691, 0.6232345028191196, 0.6238160157690242, 0.6230825429060021, 0.6234930355329903, 0.6235513574614817, 0.6234990364434768, 0.6245269769308518, 0.6247162940550823, 0.624248211177028, 0.625135502036737, 0.6253198464306033, 0.624988064473989, 0.6254355831413853, 0.6251835087124182, 0.6244773095359608, 0.6251720953352597, 0.625429321916736, 0.6243207889552019, 0.6242023152964455, 0.6244793716742068, 0.625422325973608, 0.6245870003286673, 0.6245615406303989, 0.6246527068468989, 0.6245978970308693, 0.6243192437960177, 0.6242367625236511, 0.6239373720422083, 0.6246854547335177, 0.6254967563614553, 0.6251340110083016, 0.6247823937815062, 0.6248131221046254, 0.6245950311422348, 0.6249854360916176, 0.6255347084025947, 0.6247612307874524, 0.6253390214881118, 0.6260605156421661, 0.6258255951866811, 0.6251997750024406, 0.6251332978813016, 0.6251318241868701, 0.6248744005451397, 0.6246032377286833, 0.6255827299794372, 0.625110464132562, 0.6256833909725656, 0.6252733535912572, 0.6248931425566576, 0.6248376256957346, 0.6248928758562827, 0.6249584497845903, 0.6245128256934029, 0.6245161069899189, 0.6243937313556671, 0.6246571571243053, 0.6251110279438447, 0.6255427896976471, 0.6250321396759578, 0.6248240005605075, 0.6251976438322846, 0.6254032600899132, 0.6249852235219917, 0.6277963674190093, 0.6274883184505968, 0.6266179413211589, 0.6271502737488065, 0.6269428036650833, 0.6267967582965384, 0.6269953494169274, 0.6261517837339518, 0.6262330239524647, 0.625834544702452, 0.625774183139509, 0.6258066919993381, 0.6255975383885053, 0.6253676031317029, 0.6253226834292315, 0.6249802270714118, 0.6253899007427449, 0.625015560157445, 0.6248269935651701, 0.6247860533850533, 0.6249345705217245, 0.6244672938269011, 0.6244542577436992, 0.6243244290960078, 0.6241929899064862, 0.6242527000758112, 0.6242672819264081, 0.6244138001787419, 0.6242085847319389, 0.624386906319735, 0.6237910508501286, 0.6234180331230164, 0.6239479707211865, 0.6238284226582975, 0.6239915149552482, 