{"epochs": 500, "loss": [4.798585634068347, 4.250897987547597, 4.156172594406202, 4.102042135224657, 4.066665014602735, 4.042007748247068, 4.017132144102549, 3.9897807664568092, 3.964306714773761, 3.933415633833496, 3.8998947971316014, 3.871065642839539, 3.845786860636219, 3.822299236773279, 3.8023857131855414, 3.7836777184586654, 3.770166717123577, 3.7561140264450485, 3.7377558646400284, 3.726343773396499, 3.7174103819653572, 3.685469952072666, 3.664427485034635, 3.6366887121736857, 3.6062366420307486, 3.571756102928031, 3.53709605736954, 3.5033226846774226, 3.4713471221457484, 3.4378661182515486, 3.4145595829177893, 3.385083042904917, 3.3577912005352215, 3.333211958262623, 3.320231149715433, 3.297146769782442, 3.270979510542816, 3.243130251947417, 3.229165126758566, 3.2213483072434776, 3.210866127736994, 3.184470443096021, 3.1692336888068464, 3.1796626794017615, 3.1750892910805772, 3.1355532253284033, 3.107815558869565, 3.089971302773958, 3.0859885454760785, 3.0600819867514164, 3.0401135027262867, 3.010759228890566, 2.9734014473800845, 2.950711127306838, 2.925980472331525, 2.8930646073264423, 2.8743490974594152, 2.85865063947104, 2.839775751738793, 2.834732564562399, 2.826132940488223, 2.8144968581957457, 2.8021638853917206, 2.7926361310161414, 2.806588357118639, 2.7870051668442257, 2.7781750648703727, 2.7721411837925247, 2.7707329495903332, 2.758704282835235, 2.7582155719654486, 2.7480903283891003, 2.7335648029532584, 2.7240577262887746, 2.7051118108054535, 2.6811355903271066, 2.67560536237684, 2.643537648441156, 2.6382532125580282, 2.6135745570245756, 2.607571454969187, 2.593234532619747, 2.600413489166857, 2.575360235200243, 2.578693991476866, 2.572652398811284, 2.5570886750093007, 2.5381365376171683, 2.524867336441077, 2.5207264723579574, 2.5113554321466274, 2.507503342220428, 2.4983276099622396, 2.4927567578761094, 2.4774658540058834, 2.470140417805511, 2.4541621283971886, 2.437588293861352, 2.4230723704568913, 2.4272554145174094, 2.4206540514612547, 2.4087500645070903, 2.4076315581361354, 2.4011926898746445, 2.40193124680181, 2.382708829014692, 2.3834010225636453, 2.378169447402208, 2.375066055645278, 2.3694491628329737, 2.3587153211491034, 2.342123550424366, 2.3280590941678634, 2.3271599052004825, 2.314296852988544, 2.3132906901515784, 2.290521037316264, 2.281467457563778, 2.277166816308038, 2.2718831848690155, 2.282321703754602, 2.270742292217637, 2.259033771773714, 2.2552161761775866, 2.251366336654626, 2.2411540303661655, 2.2388106170668287, 2.239785716702711, 2.23387790484067, 2.231050333067374, 2.2192680456819045, 2.2215893632916774, 2.2215179473088833, 2.2199410835513276, 2.2219709041357625, 2.2143186406576256, 2.204273919313053, 2.2096306869628086, 2.2113216762729264, 2.2055314627719684, 2.2142193302840067, 2.2235239884089726, 2.2149482726467853, 2.215118826455767, 2.2074910253650692, 2.2027495184271144, 2.2069459532758717, 2.2052580669048654, 2.189955356942995, 2.1951624563095913, 2.195936789431024, 2.1878118876431567, 2.1792895922159508, 2.1727348362029617, 2.174105530263159, 2.1729053086931374, 2.164598349545579, 2.1606613487952497, 2.1593796650180024, 2.145552322742117, 2.1504553183366735, 2.1445467110659497, 2.1368804595872652, 2.121666053396565, 2.1242739877374364, 2.1207871448731366, 2.1136866003493515, 2.1122519558974173, 2.1048735729931036, 2.0999917989838095, 2.1000557324705613, 2.0914576893039323, 2.1000540580026676, 2.0940511389874596, 2.0835425932424867, 2.084105906976173, 2.0743934606864576, 2.0665002166496222, 2.067544101211436, 2.059321256313464, 2.052729457106742, 2.050489144686673, 2.0440037527410793, 2.0451466967249265, 2.0349895630605648, 2.0320572302219047, 2.043168592569589, 2.026623982089073, 2.026914615794324, 2.0265109305859776, 2.0213110575174644, 2.017226705924223, 2.0120736789003852, 2.0022374242908505, 2.007179220906097, 1.9963139397590843, 1.9904705084914975, 1.9933427056356863, 1.9813491604438913, 1.9803324800831765, 1.9803933453151825, 1.9774213361856698, 1.9578736166499355, 1.9554396270248302, 1.9510956495490226, 1.951494958989486, 1.9493231012652148, 1.9427945605117127, 1.9420144243170405, 1.9333522669552008, 1.934658067150629, 1.9364672418328543, 1.9287781074169503, 1.9268616956720142, 1.9281478172992437, 1.9076319358751068, 1.9156226747484837, 1.9189320196440867, 1.9123688673914792, 1.9087163787016368, 1.9097982143714551, 1.9010309027576213, 1.8947850427884052, 1.9025156442576923, 1.9020458628903973, 1.8938542986265896, 1.9012614634334313, 1.886382921983677, 1.8882055661497605, 1.8827598231928855, 1.878308590000591, 1.8812697898496333, 1.8789655433598824, 1.8695253122115194, 1.8765463773662128, 1.8764475653981814, 1.869305270516785, 1.869860797756167, 1.8606042605449051, 1.8655701957296917, 1.8610915785022353, 1.8594603290767717, 1.8540479781283725, 1.8579211800488982, 1.8468536141449199, 1.846079236429303, 1.840997160501177, 1.835662267027391, 1.8369386137843424, 1.8312841499347268, 1.8319054675860043, 1.830853314737819, 1.8308423559356726, 1.8118750401988881, 1.8125750068347437, 1.8204050370125433, 1.8093648192935001, 1.8047025046313596, 1.8096951278322775, 1.815356260698407, 1.8130950484707187, 1.8110610911199108, 1.8030187083922855, 1.8045609638568534, 1.7961367176331051, 1.7997135524353363, 1.795553814228123, 1.790525169419193, 1.7998821505124527, 1.8034588078123432, 1.7920465440213826, 1.7818204939802584, 1.7876441461241332, 1.7785130826651612, 1.783864488228609, 1.7812278643796964, 1.7821448414716277, 1.7722440203128058, 1.7723170612144004, 1.7687754091831758, 1.7626580856831557, 1.76040674509221, 1.7661525838823948, 1.7600878599511964, 1.7612318240634386, 1.7586331781373339, 1.7559559488063337, 1.7444889108242791, 1.7475346787343107, 1.7478182992025808, 1.7448894869727436, 1.748548876393978, 1.7432626987144824, 1.7361528914248738, 1.7341525385607135, 1.7360166582326726, 1.7309548901462322, 1.7221981939884736, 1.7235899347547796, 1.7218711623935652, 1.722923039515619, 1.7155926530693446, 1.7115268905471765, 1.7168122818534124, 1.7147252107890718, 1.7064216856851555, 1.704835302380886, 1.7090373205380802, 1.70273632700111, 1.697685382185472, 1.7048651230655847, 1.7069762781954627, 1.696059592778642, 1.7050807758764999, 1.6968774028978604, 1.7015315133959856, 1.6975500860540675, 1.6862332395353061, 1.69028446522785, 1.6863429881541245, 1.6756524447998382, 1.6873453785562864, 1.6881175093662477, 1.6861310092627564, 1.6905305560468753, 1.6869735330124647, 1.6854952804033798, 1.6862317221671852, 1.6895458237757601, 1.6857900578701701, 1.6754802206034765, 1.6770255845449955, 1.671857248017141, 1.6722335142144946, 1.6753639519068897, 1.669679268939571, 1.6807201305053636, 1.6634281308260408, 1.6591531443421008, 1.6600225627568066, 1.6648398130622062, 1.6636214850875743, 1.6594440852517311, 1.667329755272434, 1.660411505361058, 1.6525254969491936, 1.6567383780164648, 1.6520418228904892, 1.6540476666686004, 1.6523684761634958, 1.6395301259234365, 1.6400198353531892, 1.643826773522244, 1.646471268390385, 1.6345357189551541, 1.6373612717486243, 1.6364698115654273, 1.6267845484913124, 1.6263272811847678, 1.6341110316348835, 1.6234203897653408, 1.6199509118180404, 1.6263336712690322, 1.6172847701168294, 1.6176692643783495, 1.6099967644675146, 1.6210237546188615, 1.624040879072362, 1.627735848240281, 1.6210233209185612, 1.6216558599821804, 1.6274494713850884, 1.6164766774492334, 1.6074065637471915, 1.6152404266931026, 1.6175293257883534, 1.6118285766732139, 1.6184907889307858, 1.6086019134754657, 1.612915109597092, 1.605120700262578, 1.5993720465009544, 1.6007091413208792, 1.601775334050428, 1.596567760469861, 1.5988315617834152, 1.601124801670718, 1.597517753871554, 1.5921858846412602, 1.5945711086315164, 1.5865475924498877, 1.5883778569750797, 1.5844559037015025, 1.58064285700362, 1.5857021552134842, 1.578392592210933, 1.5751623267940904, 1.5775080391713634, 1.577620002343194, 1.5683147950976868, 1.560543623122143, 1.5588778948142652, 1.5618935409559889, 1.563185729141049, 1.5577084272006905, 