{"epochs": 500, "loss": [6.968983367809728, 6.8825929734580695, 6.804724470008733, 6.736753101774656, 6.680086771174049, 6.634718001994523, 6.599377702752746, 6.572238323083148, 6.5514446685192125, 6.535412245828529, 6.522907986058174, 6.513015518442024, 6.505067058286143, 6.498580423206889, 6.493208447400748, 6.488699222520874, 6.48486806947163, 6.481577687747789, 6.478724317177249, 6.47622829330534, 6.474027513177643, 6.472072932452329, 6.4703253014752296, 6.468752991586131, 6.467330283453968, 6.466036009368597, 6.464852680300493, 6.463765713569364, 6.462762905329111, 6.461833999775633, 6.46097029458277, 6.460164382838521, 6.459409877214864, 6.458701300239656, 6.458033927480242, 6.457403609897365, 6.456806745512248, 6.456240177145699, 6.455701122504836, 6.455187120072029, 6.454696018632792, 6.454225905744307, 6.453775075992073, 6.453341996047846, 6.452925273316269, 6.4525236982486085, 6.452136172599832, 6.451761681526887, 6.451399343176173, 6.451048335730033, 6.450707909334849, 6.450377388354239, 6.450056166894843, 6.449743676173561, 6.449439397012409, 6.449142854766061, 6.448853624111773, 6.448571296533479, 6.448295506153635, 6.448025910391246, 6.447762189278158, 6.447504055132381, 6.447251231483787, 6.447003452246532, 6.446760486393104, 6.446522119505292, 6.446288138127542, 6.4460583488826275, 6.445832568990315, 6.4456106321772975, 6.4453923705659895, 6.445177636264619, 6.444966283028895, 6.444758181599766, 6.4445532036815205, 6.444351223993812, 6.444152128589129, 6.443955808374874, 6.443762159149678, 6.443571081309607, 6.443382486981838, 6.443196285189156, 6.443012392815357, 6.442830725436163, 6.442651208054746, 6.4424737687799345, 6.442298333428234, 6.442124838779383, 6.441953217326267, 6.441783410489681, 6.441615356405502, 6.441449001540262, 6.441284287529654, 6.441121163826528, 6.440959580458048, 6.440799489900426, 6.440640843319676, 6.440483597332891, 6.440327706866909, 6.440173132442795, 6.440019831380552, 6.439867764833259, 6.4397168981107, 6.439567191930555, 6.439418610235234, 6.439271121417706, 6.439124693936427, 6.438979293182452, 6.438834890499914, 6.438691455797643, 6.438548960414029, 6.438407376932816, 6.438266678244016, 6.43812683787364, 6.437987829462645, 6.43784963096517, 6.437712217787415, 6.437575567862872, 6.437439657968233, 6.43730446668321, 6.437169972019164, 6.43703615507053, 6.436902993056001, 6.436770469529938, 6.436638564747659, 6.436507260277307, 6.436376538731401, 6.436246382169521, 6.436116774067886, 6.4359876988966, 6.435859138678874, 6.435731080750969, 6.4356035080814085, 6.435476405860149, 6.435349761072465, 6.435223559203275, 6.435097786851731, 6.4349724314323815, 6.434847480859974, 6.434722921582005, 6.434598742221018, 6.434474927561198, 6.434351469111872, 6.434228354295076, 6.43410557267988, 6.433983112198913, 6.433860963679447, 6.43373911797411, 6.433617566315675, 6.433496295461023, 6.433375297201776, 6.433254562767681, 6.433134082209562, 6.433013847508908, 6.4328938521323344, 6.4327740840489405, 6.432654536224525, 6.432535200798013, 6.432416071985065, 6.432297139571757, 6.432178399325198, 6.432059841978275, 6.431941460794074, 6.431823249099582, 6.431705201887577, 6.431587313258829, 6.431469573655661, 6.431351979497848, 6.431234525169272, 6.431117205569598, 6.431000011531165, 6.430882938262981, 6.430765982880418, 6.430649137300512, 6.430532397122744, 6.430415759546962, 6.43029921666204, 6.430182763375613, 6.430066393012068, 6.429950104297462, 6.429833892418093, 6.429717751975808, 6.429601680955659, 6.429485673162596, 6.429369723399336, 6.4292538290799115, 6.429137986585797, 6.4290221920106125, 6.42890644301648, 6.428790733322619, 6.428675058651124, 6.428559418477183, 6.428443807333645, 6.428328227589013, 6.428212674717794, 6.428097145012289, 6.42798163429319, 6.427866139003729, 6.4277506579571595, 6.427635192114161, 6.427519736752, 6.4274042894302745, 6.427288846369553, 6.4271734044265445, 6.427057960909961, 6.4269425131722135, 6.426827061312925, 6.4267115988314245, 6.426596126161524, 6.426480640672491, 6.42636514100134, 6.4262496263160624, 6.426134094805875, 6.426018544666575, 6.425902971944338, 6.42578737488139, 6.425671753527716, 6.425556101959456, 6.425440425304287, 6.425324720781527, 6.4252089848724285, 6.425093214682527, 6.424977411194548, 6.42486157327042, 6.424745697965404, 6.4246297849171, 6.42451383172203, 6.424397838061338, 6.4242818035441, 6.424165726710165, 6.424049608713797, 6.423933449161686, 6.423817246175616, 6.423700999582411, 6.423584707507813, 6.423468367024596, 6.423351974714684, 6.423235531999196, 6.423119041301532, 6.423002500386521, 6.422885910316641, 6.422769265566123, 6.422652566693512, 6.422535815702734, 6.422419011090122, 6.422302156000847, 6.422185248509711, 6.4220682803668145, 6.421951251310135, 6.421834167164753, 6.421717027486801, 6.421599832344598, 6.42148257733806, 6.421365260262111, 6.421247884405244, 6.4211304526600435, 6.421012962191734, 6.420895413126951, 6.4207778088801035, 6.420660144852556, 6.420542419542581, 6.420424632604731, 6.420306788398651, 6.420188891242638, 6.420070933520328, 6.41995291933788, 6.419834845274269, 6.419716710247477, 6.41959851763972, 6.419480265188775, 6.419361953924568, 6.41924358393091, 6.419125158133713, 6.419006676882838, 6.418888133700129, 6.418769530021501, 6.418650864652843, 6.418532142128759, 6.418413363234437, 6.418294528383688, 6.4181756333850055, 6.418056677895688, 6.417937661800267, 6.417818583060105, 6.417699447020045, 6.417580252532994, 6.4174609996434, 6.4173416921213065, 6.417222322831074, 6.4171029018078665, 6.416983431225024, 6.416863903888296, 6.416744313157308, 6.41662466187355, 6.4165049576311874, 6.416385197389334, 6.416265381214915, 6.416145509454883, 6.41602558218305, 6.4159055989470675, 6.415785557827171, 6.415665462937157, 6.415545310391083, 6.4154251062762135, 6.4153048474381205, 6.415184537913293, 6.415064172047476, 6.414943752577437, 6.414823282448074, 6.414702757460799, 6.414582177048743, 6.414461544659688, 6.414340862723223, 6.414220130909318, 6.414099348739061, 6.413978513282052, 6.413857634576515, 6.413736707964388, 6.413615733153739, 6.413494709271754, 6.413373637879449, 6.413252525572667, 6.413131370026685, 6.413010163428932, 6.412888910312195, 6.41276760875083, 6.412646261018421, 6.412524866495801, 6.41240342618771, 6.412281941508433, 6.412160412049197, 6.412038834439658, 6.41191721221672, 6.411795550373916, 6.411673847929008, 6.411552103401961, 6.411430314509308, 6.41130847915995, 6.411186601436414, 6.411064686882275, 6.410942735692645, 6.410820742090679, 6.410698710007354, 6.410576637714501, 6.410454521519737, 6.410332364014243, 6.410210169872928, 6.410087942963149, 6.409965681566335, 6.409843382569782, 6.4097210486292475, 6.409598678911439, 6.409476276841633, 6.40935384318354, 6.409231371304343, 6.409108863756399, 6.4089863251869446, 6.408863757320727, 6.408741156912841, 6.408618526736104, 6.4084958665228635, 6.408373177546487, 6.4082504586334466, 6.408127709193441, 6.408004929395345, 6.407882115074961, 6.407759272018404, 6.407636401534498, 6.407513501315816, 6.407390570380724, 6.40726761178803, 6.407144630659543, 6.407021621173632, 6.406898581806615, 6.406775513840664, 6.406652420823793, 6.406529300840474, 6.406406153145265, 6.40628298273625, 6.4061597874510054, 6.406036571331917, 6.405913332490324, 6.405790073914603, 6.405666789940311, 6.405543484052119, 6.405420164229767, 6.405296828704755, 6.405173471515291, 6.405050086728431, 6.404926675359122, 6.404803239359927, 6.404679783199358, 6.404556303809346, 6.404432805584934, 6.4043092842707345, 6.404185739094293, 6.404062171061967, 6.4039385831193725, 6.403814978975222, 6.40369135132003, 6.4035676979405896, 6.40344402279202, 6.403320318483145, 6.403196594100675, 6.403072854156998, 6.402949090109604, 6.402825308301821, 6.402701511693386, 6.4025777003796795, 6.402453870413388, 6.402330026047306, 6.402206158753281, 6.402082272966138, 6.401958358383182, 6.401834418399061, 6.4017104641747915, 6.401586495824365, 6.401462513449499, 6.401338516359883, 